{
    "metadata": {
      "schemaVersion": "1.0",
      "importType": "LEX",
      "importFormat": "JSON"
    },
    "resource": {
      "name": "Building_Type",
      "version": "1.0",
      "enumerationValues": [
        {
          "value": "Single Family"
        },
        {
          "value": "One Storey"
        },
        {
          "value": "Two Storey"
        },
        {
          "value": "Townhouse"
        },
        {
          "value": "Apartment"
        }
      ]
    }
  }
  