{
  "metadata": {
    "schemaVersion": "1.0",
    "importType": "LEX",
    "importFormat": "JSON"
  },
  "resource": {
    "name": "Region",
    "version": "1.0",
    "enumerationValues": [
      {
        "value": "Bancroft and Area"
      },
      {
        "value": "Barrie And District"
      },
      {
        "value": "Brantford"
      },
      {
        "value": "Cambridge"
      },
      {
        "value": "Greater Toronto"
      },
      {
        "value": "Grey Bruce Owen Sound"
      },
      {
        "value": "Guelph And District"
      },
      {
        "value": "Hamilton Burlington"
      },
      {
        "value": "Huron Perth"
      },
      {
        "value": "Kawartha Lakes"
      },
      {
        "value": "Kingston And Area"
      },
      {
        "value": "Kitchener Waterloo"
      },
      {
        "value": "Lakelands"
      },
      {
        "value": "London St Thomas"
      },
      {
        "value": "Mississauga"
      },
      {
        "value": "Niagara Region"
      },
      {
        "value": "Northumberland Hills"
      },
      {
        "value": "North Bay"
      },
      {
        "value": "Oakville Milton"
      },
      {
        "value": "Ottawa"
      },
      {
        "value": "Peterborough And Kawarthas"
      },
      {
        "value": "Quinte And District"
      },
      {
        "value": "Rideau St Lawrence"
      },
      {
        "value": "Sault Ste Marie"
      },
      {
        "value": "Simcoe And District"
      },
      {
        "value": "Sudbury"
      },
      {
        "value": "Tillsonburg District"
      },
      {
        "value": "Windsor Essex"
      },
      {
        "value": "Woodstock Ingersoll"
      }
    ]
  }
}
